subject,content,is_phishing,reward_money,penalty_money,penalty_time,difficulty,length,signal,action
Your Electricity Bill is Ready,"Good morning\n\nYour electricity bill is now ready to be paid. You currently owe $150.00. Please make your payment before the end of the day.",FALSE,-150.00,0.00,0.00,,,electricity,Pay $150
*HONK!*,"Greetings. My name is goose. Need nesting area. Was wondering if could room with you.\n\nAm a good roommate. Might pay rent. Not sure.\n\nSee you soon.\ngoose",FALSE,0.00,0.00,0.00,,,goose,Invite
,,FALSE,,,,,,,
,,FALSE,,,,,,,
,,FALSE,,,,,,,
,,FALSE,,,,,,,
,,FALSE,,,,,,,
,,FALSE,,,,,,,
,,FALSE,,,,,,,
,,FALSE,,,,,,,
,,FALSE,,,,,,,
,,FALSE,,,,,,,
,,FALSE,,,,,,,
,,FALSE,,,,,,,
,,FALSE,,,,,,,
,,FALSE,,,,,,,
,,FALSE,,,,,,,
,,FALSE,,,,,,,
,,FALSE,,,,,,,
,,FALSE,,,,,,,
,,FALSE,,,,,,,
,,FALSE,,,,,,,
,,FALSE,,,,,,,
,,FALSE,,,,,,,
,,FALSE,,,,,,,
,,FALSE,,,,,,,
,,FALSE,,,,,,,
,,FALSE,,,,,,,
,,FALSE,,,,,,,
,,FALSE,,,,,,,
,,FALSE,,,,,,,
,,FALSE,,,,,,,
,,FALSE,,,,,,,
,,FALSE,,,,,,,
,,FALSE,,,,,,,
,,FALSE,,,,,,,
,,FALSE,,,,,,,
,,FALSE,,,,,,,
,,FALSE,,,,,,,
,,FALSE,,,,,,,
,,FALSE,,,,,,,
,,FALSE,,,,,,,
,,FALSE,,,,,,,
,,FALSE,,,,,,,
,,FALSE,,,,,,,
,,FALSE,,,,,,,
,,FALSE,,,,,,,
,,FALSE,,,,,,,
,,FALSE,,,,,,,
,,FALSE,,,,,,,
,,FALSE,,,,,,,
,,FALSE,,,,,,,
,,FALSE,,,,,,,
,,FALSE,,,,,,,
,,FALSE,,,,,,,
,,FALSE,,,,,,,
,,FALSE,,,,,,,
,,FALSE,,,,,,,
,,FALSE,,,,,,,
,,FALSE,,,,,,,
,,FALSE,,,,,,,
,,FALSE,,,,,,,
,,FALSE,,,,,,,
,,FALSE,,,,,,,
,,FALSE,,,,,,,
,,FALSE,,,,,,,
,,FALSE,,,,,,,
,,FALSE,,,,,,,
,,FALSE,,,,,,,
,,FALSE,,,,,,,
,,FALSE,,,,,,,
,,FALSE,,,,,,,
,,FALSE,,,,,,,
,,FALSE,,,,,,,
,,FALSE,,,,,,,
,,FALSE,,,,,,,
,,FALSE,,,,,,,
,,FALSE,,,,,,,
,,FALSE,,,,,,,
,,FALSE,,,,,,,
,,FALSE,,,,,,,
,,FALSE,,,,,,,
,,FALSE,,,,,,,
,,FALSE,,,,,,,
,,FALSE,,,,,,,
,,FALSE,,,,,,,
,,FALSE,,,,,,,
,,FALSE,,,,,,,
,,FALSE,,,,,,,
,,FALSE,,,,,,,
,,FALSE,,,,,,,
,,FALSE,,,,,,,
,,FALSE,,,,,,,
,,FALSE,,,,,,,
,,FALSE,,,,,,,
,,FALSE,,,,,,,
,,FALSE,,,,,,,
,,FALSE,,,,,,,
,,FALSE,,,,,,,
,,FALSE,,,,,,,
,,FALSE,,,,,,,
,,FALSE,,,,,,,
,,FALSE,,,,,,,
,,FALSE,,,,,,,
,,FALSE,,,,,,,
,,FALSE,,,,,,,
,,FALSE,,,,,,,
,,FALSE,,,,,,,
,,FALSE,,,,,,,
,,FALSE,,,,,,,
,,FALSE,,,,,,,
,,FALSE,,,,,,,
,,FALSE,,,,,,,
,,FALSE,,,,,,,
,,FALSE,,,,,,,
,,FALSE,,,,,,,
,,FALSE,,,,,,,
,,FALSE,,,,,,,
,,FALSE,,,,,,,
,,FALSE,,,,,,,
,,FALSE,,,,,,,
,,FALSE,,,,,,,
,,FALSE,,,,,,,
,,FALSE,,,,,,,
,,FALSE,,,,,,,
,,FALSE,,,,,,,
,,FALSE,,,,,,,
,,FALSE,,,,,,,
,,FALSE,,,,,,,
,,FALSE,,,,,,,
,,FALSE,,,,,,,
,,FALSE,,,,,,,
,,FALSE,,,,,,,
,,FALSE,,,,,,,
,,FALSE,,,,,,,
,,FALSE,,,,,,,
,,FALSE,,,,,,,
,,FALSE,,,,,,,
,,FALSE,,,,,,,
,,FALSE,,,,,,,
,,FALSE,,,,,,,
,,FALSE,,,,,,,
,,FALSE,,,,,,,
,,FALSE,,,,,,,
,,FALSE,,,,,,,
,,FALSE,,,,,,,
,,FALSE,,,,,,,
,,FALSE,,,,,,,
,,FALSE,,,,,,,
,,FALSE,,,,,,,
,,FALSE,,,,,,,
,,FALSE,,,,,,,
,,FALSE,,,,,,,
,,FALSE,,,,,,,
,,FALSE,,,,,,,
,,FALSE,,,,,,,
,,FALSE,,,,,,,
,,FALSE,,,,,,,
,,FALSE,,,,,,,
,,FALSE,,,,,,,
,,FALSE,,,,,,,
,,FALSE,,,,,,,
,,FALSE,,,,,,,
,,FALSE,,,,,,,
,,FALSE,,,,,,,
,,FALSE,,,,,,,
,,FALSE,,,,,,,
,,FALSE,,,,,,,
,,FALSE,,,,,,,
,,FALSE,,,,,,,
,,FALSE,,,,,,,
,,FALSE,,,,,,,
,,FALSE,,,,,,,
,,FALSE,,,,,,,
,,FALSE,,,,,,,
,,FALSE,,,,,,,
,,FALSE,,,,,,,
,,FALSE,,,,,,,
,,FALSE,,,,,,,
,,FALSE,,,,,,,
,,FALSE,,,,,,,
,,FALSE,,,,,,,
,,FALSE,,,,,,,
,,FALSE,,,,,,,
,,FALSE,,,,,,,
,,FALSE,,,,,,,
,,FALSE,,,,,,,
,,FALSE,,,,,,,
,,FALSE,,,,,,,
,,FALSE,,,,,,,
,,FALSE,,,,,,,
,,FALSE,,,,,,,
,,FALSE,,,,,,,
,,FALSE,,,,,,,
,,FALSE,,,,,,,
,,FALSE,,,,,,,
,,FALSE,,,,,,,
,,FALSE,,,,,,,
,,FALSE,,,,,,,
,,FALSE,,,,,,,
,,FALSE,,,,,,,
,,FALSE,,,,,,,
,,FALSE,,,,,,,
,,FALSE,,,,,,,
,,FALSE,,,,,,,
,,FALSE,,,,,,,
,,FALSE,,,,,,,
,,FALSE,,,,,,,
,,FALSE,,,,,,,
,,FALSE,,,,,,,
,,FALSE,,,,,,,
,,FALSE,,,,,,,
,,FALSE,,,,,,,
,,FALSE,,,,,,,
,,FALSE,,,,,,,
,,FALSE,,,,,,,
,,FALSE,,,,,,,
,,FALSE,,,,,,,
,,FALSE,,,,,,,
,,FALSE,,,,,,,
,,FALSE,,,,,,,
,,FALSE,,,,,,,
,,FALSE,,,,,,,
,,FALSE,,,,,,,
,,FALSE,,,,,,,
,,FALSE,,,,,,,
,,FALSE,,,,,,,
,,FALSE,,,,,,,
,,FALSE,,,,,,,
,,FALSE,,,,,,,
,,FALSE,,,,,,,
,,FALSE,,,,,,,
,,FALSE,,,,,,,
,,FALSE,,,,,,,
,,FALSE,,,,,,,
,,FALSE,,,,,,,
,,FALSE,,,,,,,
,,FALSE,,,,,,,
,,FALSE,,,,,,,
,,FALSE,,,,,,,
,,FALSE,,,,,,,
,,FALSE,,,,,,,
,,FALSE,,,,,,,
,,FALSE,,,,,,,
,,FALSE,,,,,,,
,,FALSE,,,,,,,
,,FALSE,,,,,,,
,,FALSE,,,,,,,
,,FALSE,,,,,,,
,,FALSE,,,,,,,
,,FALSE,,,,,,,
,,FALSE,,,,,,,
,,FALSE,,,,,,,
,,FALSE,,,,,,,
,,FALSE,,,,,,,
,,FALSE,,,,,,,
,,FALSE,,,,,,,
,,FALSE,,,,,,,
,,FALSE,,,,,,,
,,FALSE,,,,,,,
,,FALSE,,,,,,,
,,FALSE,,,,,,,
,,FALSE,,,,,,,
,,FALSE,,,,,,,
,,FALSE,,,,,,,
,,FALSE,,,,,,,
,,FALSE,,,,,,,
,,FALSE,,,,,,,
,,FALSE,,,,,,,
,,FALSE,,,,,,,
,,FALSE,,,,,,,
,,FALSE,,,,,,,
,,FALSE,,,,,,,
,,FALSE,,,,,,,
,,FALSE,,,,,,,
,,FALSE,,,,,,,
,,FALSE,,,,,,,
,,FALSE,,,,,,,
,,FALSE,,,,,,,
,,FALSE,,,,,,,
,,FALSE,,,,,,,
,,FALSE,,,,,,,
,,FALSE,,,,,,,
,,FALSE,,,,,,,
,,FALSE,,,,,,,
,,FALSE,,,,,,,
,,FALSE,,,,,,,
,,FALSE,,,,,,,
,,FALSE,,,,,,,
,,FALSE,,,,,,,
,,FALSE,,,,,,,
,,FALSE,,,,,,,
,,FALSE,,,,,,,
,,FALSE,,,,,,,
,,FALSE,,,,,,,
,,FALSE,,,,,,,
,,FALSE,,,,,,,
,,FALSE,,,,,,,
,,FALSE,,,,,,,
,,FALSE,,,,,,,
,,FALSE,,,,,,,
,,FALSE,,,,,,,
,,FALSE,,,,,,,
,,FALSE,,,,,,,
,,FALSE,,,,,,,
,,FALSE,,,,,,,
,,FALSE,,,,,,,
,,FALSE,,,,,,,
,,FALSE,,,,,,,
,,FALSE,,,,,,,
,,FALSE,,,,,,,
,,FALSE,,,,,,,
,,FALSE,,,,,,,
,,FALSE,,,,,,,
,,FALSE,,,,,,,
,,FALSE,,,,,,,
,,FALSE,,,,,,,
,,FALSE,,,,,,,
,,FALSE,,,,,,,
,,FALSE,,,,,,,
,,FALSE,,,,,,,
,,FALSE,,,,,,,
,,FALSE,,,,,,,
,,FALSE,,,,,,,
,,FALSE,,,,,,,
,,FALSE,,,,,,,
,,FALSE,,,,,,,
,,FALSE,,,,,,,
,,FALSE,,,,,,,
,,FALSE,,,,,,,
,,FALSE,,,,,,,
,,FALSE,,,,,,,
,,FALSE,,,,,,,
,,FALSE,,,,,,,
,,FALSE,,,,,,,
,,FALSE,,,,,,,
,,FALSE,,,,,,,
,,FALSE,,,,,,,
,,FALSE,,,,,,,
,,FALSE,,,,,,,
,,FALSE,,,,,,,
,,FALSE,,,,,,,
,,FALSE,,,,,,,
,,FALSE,,,,,,,
,,FALSE,,,,,,,
,,FALSE,,,,,,,
,,FALSE,,,,,,,
,,FALSE,,,,,,,
,,FALSE,,,,,,,
,,FALSE,,,,,,,
,,FALSE,,,,,,,
,,FALSE,,,,,,,
,,FALSE,,,,,,,
,,FALSE,,,,,,,
,,FALSE,,,,,,,
,,FALSE,,,,,,,
,,FALSE,,,,,,,
,,FALSE,,,,,,,
,,FALSE,,,,,,,
,,FALSE,,,,,,,
,,FALSE,,,,,,,
,,FALSE,,,,,,,
,,FALSE,,,,,,,
,,FALSE,,,,,,,
,,FALSE,,,,,,,
,,FALSE,,,,,,,
,,FALSE,,,,,,,
,,FALSE,,,,,,,
,,FALSE,,,,,,,
,,FALSE,,,,,,,
,,FALSE,,,,,,,
,,FALSE,,,,,,,
,,FALSE,,,,,,,
,,FALSE,,,,,,,
,,FALSE,,,,,,,
,,FALSE,,,,,,,
,,FALSE,,,,,,,
,,FALSE,,,,,,,
,,FALSE,,,,,,,
,,FALSE,,,,,,,
,,FALSE,,,,,,,
,,FALSE,,,,,,,
,,FALSE,,,,,,,
,,FALSE,,,,,,,
,,FALSE,,,,,,,
,,FALSE,,,,,,,
,,FALSE,,,,,,,
,,FALSE,,,,,,,
,,FALSE,,,,,,,
,,FALSE,,,,,,,
,,FALSE,,,,,,,
,,FALSE,,,,,,,
,,FALSE,,,,,,,
,,FALSE,,,,,,,
,,FALSE,,,,,,,
,,FALSE,,,,,,,
,,FALSE,,,,,,,
,,FALSE,,,,,,,
,,FALSE,,,,,,,
,,FALSE,,,,,,,
,,FALSE,,,,,,,
,,FALSE,,,,,,,
,,FALSE,,,,,,,
,,FALSE,,,,,,,
,,FALSE,,,,,,,
,,FALSE,,,,,,,
,,FALSE,,,,,,,
,,FALSE,,,,,,,
,,FALSE,,,,,,,
,,FALSE,,,,,,,
,,FALSE,,,,,,,
,,FALSE,,,,,,,
,,FALSE,,,,,,,
,,FALSE,,,,,,,
,,FALSE,,,,,,,
,,FALSE,,,,,,,
,,FALSE,,,,,,,
,,FALSE,,,,,,,
,,FALSE,,,,,,,
,,FALSE,,,,,,,
,,FALSE,,,,,,,
,,FALSE,,,,,,,
,,FALSE,,,,,,,
,,FALSE,,,,,,,
,,FALSE,,,,,,,
,,FALSE,,,,,,,
,,FALSE,,,,,,,
,,FALSE,,,,,,,
,,FALSE,,,,,,,
,,FALSE,,,,,,,
,,FALSE,,,,,,,
,,FALSE,,,,,,,
,,FALSE,,,,,,,
,,FALSE,,,,,,,
,,FALSE,,,,,,,
,,FALSE,,,,,,,
,,FALSE,,,,,,,
,,FALSE,,,,,,,
,,FALSE,,,,,,,
,,FALSE,,,,,,,
,,FALSE,,,,,,,
,,FALSE,,,,,,,
,,FALSE,,,,,,,
,,FALSE,,,,,,,
,,FALSE,,,,,,,
,,FALSE,,,,,,,
,,FALSE,,,,,,,
,,FALSE,,,,,,,
,,FALSE,,,,,,,
,,FALSE,,,,,,,
,,FALSE,,,,,,,
,,FALSE,,,,,,,
,,FALSE,,,,,,,
,,FALSE,,,,,,,
,,FALSE,,,,,,,
,,FALSE,,,,,,,
,,FALSE,,,,,,,
,,FALSE,,,,,,,
,,FALSE,,,,,,,
,,FALSE,,,,,,,
,,FALSE,,,,,,,
,,FALSE,,,,,,,
,,FALSE,,,,,,,
,,FALSE,,,,,,,
,,FALSE,,,,,,,
,,FALSE,,,,,,,
,,FALSE,,,,,,,
,,FALSE,,,,,,,
,,FALSE,,,,,,,
,,FALSE,,,,,,,
,,FALSE,,,,,,,
,,FALSE,,,,,,,
,,FALSE,,,,,,,
,,FALSE,,,,,,,
,,FALSE,,,,,,,
,,FALSE,,,,,,,
,,FALSE,,,,,,,
,,FALSE,,,,,,,
,,FALSE,,,,,,,
,,FALSE,,,,,,,
,,FALSE,,,,,,,
,,FALSE,,,,,,,
,,FALSE,,,,,,,
,,FALSE,,,,,,,
,,FALSE,,,,,,,
,,FALSE,,,,,,,
,,FALSE,,,,,,,
,,FALSE,,,,,,,
,,FALSE,,,,,,,
,,FALSE,,,,,,,
,,FALSE,,,,,,,
,,FALSE,,,,,,,
,,FALSE,,,,,,,
,,FALSE,,,,,,,
,,FALSE,,,,,,,
,,FALSE,,,,,,,
,,FALSE,,,,,,,
,,FALSE,,,,,,,
,,FALSE,,,,,,,
,,FALSE,,,,,,,
,,FALSE,,,,,,,
,,FALSE,,,,,,,
,,FALSE,,,,,,,
,,FALSE,,,,,,,
,,FALSE,,,,,,,
,,FALSE,,,,,,,
,,FALSE,,,,,,,
,,FALSE,,,,,,,
,,FALSE,,,,,,,
,,FALSE,,,,,,,
,,FALSE,,,,,,,
,,FALSE,,,,,,,
,,FALSE,,,,,,,
,,FALSE,,,,,,,
,,FALSE,,,,,,,
,,FALSE,,,,,,,
,,FALSE,,,,,,,
,,FALSE,,,,,,,
,,FALSE,,,,,,,
,,FALSE,,,,,,,
,,FALSE,,,,,,,
,,FALSE,,,,,,,
,,FALSE,,,,,,,
,,FALSE,,,,,,,
,,FALSE,,,,,,,
,,FALSE,,,,,,,
,,FALSE,,,,,,,
,,FALSE,,,,,,,
,,FALSE,,,,,,,
,,FALSE,,,,,,,
,,FALSE,,,,,,,
,,FALSE,,,,,,,
,,FALSE,,,,,,,
,,FALSE,,,,,,,
,,FALSE,,,,,,,
,,FALSE,,,,,,,
,,FALSE,,,,,,,
,,FALSE,,,,,,,
,,FALSE,,,,,,,
,,FALSE,,,,,,,
,,FALSE,,,,,,,
,,FALSE,,,,,,,
,,FALSE,,,,,,,
,,FALSE,,,,,,,
,,FALSE,,,,,,,
,,FALSE,,,,,,,
,,FALSE,,,,,,,
,,FALSE,,,,,,,
,,FALSE,,,,,,,
,,FALSE,,,,,,,
,,FALSE,,,,,,,
,,FALSE,,,,,,,
,,FALSE,,,,,,,
,,FALSE,,,,,,,
,,FALSE,,,,,,,
,,FALSE,,,,,,,
,,FALSE,,,,,,,
,,FALSE,,,,,,,
,,FALSE,,,,,,,
,,FALSE,,,,,,,
,,FALSE,,,,,,,
,,FALSE,,,,,,,
,,FALSE,,,,,,,
,,FALSE,,,,,,,
,,FALSE,,,,,,,
,,FALSE,,,,,,,
,,FALSE,,,,,,,
,,FALSE,,,,,,,
,,FALSE,,,,,,,
,,FALSE,,,,,,,
,,FALSE,,,,,,,
,,FALSE,,,,,,,
,,FALSE,,,,,,,
,,FALSE,,,,,,,
,,FALSE,,,,,,,
,,FALSE,,,,,,,
,,FALSE,,,,,,,
,,FALSE,,,,,,,
,,FALSE,,,,,,,
,,FALSE,,,,,,,
,,FALSE,,,,,,,
,,FALSE,,,,,,,
,,FALSE,,,,,,,
,,FALSE,,,,,,,
,,FALSE,,,,,,,
,,FALSE,,,,,,,
,,FALSE,,,,,,,
,,FALSE,,,,,,,
,,FALSE,,,,,,,
,,FALSE,,,,,,,
,,FALSE,,,,,,,
,,FALSE,,,,,,,
,,FALSE,,,,,,,
,,FALSE,,,,,,,
,,FALSE,,,,,,,
,,FALSE,,,,,,,
,,FALSE,,,,,,,
,,FALSE,,,,,,,
,,FALSE,,,,,,,
,,FALSE,,,,,,,
,,FALSE,,,,,,,
,,FALSE,,,,,,,
,,FALSE,,,,,,,
,,FALSE,,,,,,,
,,FALSE,,,,,,,
,,FALSE,,,,,,,
,,FALSE,,,,,,,
,,FALSE,,,,,,,
,,FALSE,,,,,,,
,,FALSE,,,,,,,
,,FALSE,,,,,,,
,,FALSE,,,,,,,
,,FALSE,,,,,,,
,,FALSE,,,,,,,
,,FALSE,,,,,,,
,,FALSE,,,,,,,
,,FALSE,,,,,,,
,,FALSE,,,,,,,
,,FALSE,,,,,,,
,,FALSE,,,,,,,
,,FALSE,,,,,,,
,,FALSE,,,,,,,
,,FALSE,,,,,,,
,,FALSE,,,,,,,
,,FALSE,,,,,,,
,,FALSE,,,,,,,
,,FALSE,,,,,,,
,,FALSE,,,,,,,
,,FALSE,,,,,,,
,,FALSE,,,,,,,
,,FALSE,,,,,,,
,,FALSE,,,,,,,
,,FALSE,,,,,,,
,,FALSE,,,,,,,
,,FALSE,,,,,,,
,,FALSE,,,,,,,
,,FALSE,,,,,,,
,,FALSE,,,,,,,
,,FALSE,,,,,,,
,,FALSE,,,,,,,
,,FALSE,,,,,,,
,,FALSE,,,,,,,
,,FALSE,,,,,,,
,,FALSE,,,,,,,
,,FALSE,,,,,,,
,,FALSE,,,,,,,
,,FALSE,,,,,,,
,,FALSE,,,,,,,
,,FALSE,,,,,,,
,,FALSE,,,,,,,
,,FALSE,,,,,,,
,,FALSE,,,,,,,
,,FALSE,,,,,,,
,,FALSE,,,,,,,
,,FALSE,,,,,,,
,,FALSE,,,,,,,
,,FALSE,,,,,,,
,,FALSE,,,,,,,
,,FALSE,,,,,,,
,,FALSE,,,,,,,
,,FALSE,,,,,,,
,,FALSE,,,,,,,
,,FALSE,,,,,,,
,,FALSE,,,,,,,
,,FALSE,,,,,,,
,,FALSE,,,,,,,
,,FALSE,,,,,,,
,,FALSE,,,,,,,
,,FALSE,,,,,,,
,,FALSE,,,,,,,
,,FALSE,,,,,,,
,,FALSE,,,,,,,
,,FALSE,,,,,,,
,,FALSE,,,,,,,
,,FALSE,,,,,,,
,,FALSE,,,,,,,
,,FALSE,,,,,,,
,,FALSE,,,,,,,
,,FALSE,,,,,,,
,,FALSE,,,,,,,
,,FALSE,,,,,,,
,,FALSE,,,,,,,
,,FALSE,,,,,,,
,,FALSE,,,,,,,
,,FALSE,,,,,,,
,,FALSE,,,,,,,
,,FALSE,,,,,,,
,,FALSE,,,,,,,
,,FALSE,,,,,,,
,,FALSE,,,,,,,
,,FALSE,,,,,,,
,,FALSE,,,,,,,
,,FALSE,,,,,,,
,,FALSE,,,,,,,
,,FALSE,,,,,,,
,,FALSE,,,,,,,
,,FALSE,,,,,,,
,,FALSE,,,,,,,
,,FALSE,,,,,,,
,,FALSE,,,,,,,
,,FALSE,,,,,,,
,,FALSE,,,,,,,
,,FALSE,,,,,,,
,,FALSE,,,,,,,
,,FALSE,,,,,,,
,,FALSE,,,,,,,
,,FALSE,,,,,,,
,,FALSE,,,,,,,
,,FALSE,,,,,,,
,,FALSE,,,,,,,
,,FALSE,,,,,,,
,,FALSE,,,,,,,
,,FALSE,,,,,,,
,,FALSE,,,,,,,
,,FALSE,,,,,,,
,,FALSE,,,,,,,
,,FALSE,,,,,,,
,,FALSE,,,,,,,
,,FALSE,,,,,,,
,,FALSE,,,,,,,
,,FALSE,,,,,,,
,,FALSE,,,,,,,
,,FALSE,,,,,,,
,,FALSE,,,,,,,
,,FALSE,,,,,,,
,,FALSE,,,,,,,
,,FALSE,,,,,,,
,,FALSE,,,,,,,
,,FALSE,,,,,,,
,,FALSE,,,,,,,
,,FALSE,,,,,,,
,,FALSE,,,,,,,
,,FALSE,,,,,,,
,,FALSE,,,,,,,
,,FALSE,,,,,,,
,,FALSE,,,,,,,
,,FALSE,,,,,,,
,,FALSE,,,,,,,
,,FALSE,,,,,,,
,,FALSE,,,,,,,
,,FALSE,,,,,,,
,,FALSE,,,,,,,
,,FALSE,,,,,,,
,,FALSE,,,,,,,
,,FALSE,,,,,,,
,,FALSE,,,,,,,
,,FALSE,,,,,,,
,,FALSE,,,,,,,
,,FALSE,,,,,,,
,,FALSE,,,,,,,
,,FALSE,,,,,,,
,,FALSE,,,,,,,
,,FALSE,,,,,,,
,,FALSE,,,,,,,
,,FALSE,,,,,,,
,,FALSE,,,,,,,
,,FALSE,,,,,,,
,,FALSE,,,,,,,
,,FALSE,,,,,,,
,,FALSE,,,,,,,
,,FALSE,,,,,,,
,,FALSE,,,,,,,
,,FALSE,,,,,,,
,,FALSE,,,,,,,
,,FALSE,,,,,,,
,,FALSE,,,,,,,
,,FALSE,,,,,,,
,,FALSE,,,,,,,
,,FALSE,,,,,,,
,,FALSE,,,,,,,
,,FALSE,,,,,,,
,,FALSE,,,,,,,
,,FALSE,,,,,,,
,,FALSE,,,,,,,
,,FALSE,,,,,,,
,,FALSE,,,,,,,
,,FALSE,,,,,,,
,,FALSE,,,,,,,
,,FALSE,,,,,,,
,,FALSE,,,,,,,
,,FALSE,,,,,,,
,,FALSE,,,,,,,
,,FALSE,,,,,,,
,,FALSE,,,,,,,
,,FALSE,,,,,,,
,,FALSE,,,,,,,
,,FALSE,,,,,,,
,,FALSE,,,,,,,
,,FALSE,,,,,,,
,,FALSE,,,,,,,
,,FALSE,,,,,,,
,,FALSE,,,,,,,
,,FALSE,,,,,,,
,,FALSE,,,,,,,
,,FALSE,,,,,,,
,,FALSE,,,,,,,
,,FALSE,,,,,,,
,,FALSE,,,,,,,
,,FALSE,,,,,,,
,,FALSE,,,,,,,
,,FALSE,,,,,,,
,,FALSE,,,,,,,
,,FALSE,,,,,,,
,,FALSE,,,,,,,
,,FALSE,,,,,,,
,,FALSE,,,,,,,
,,FALSE,,,,,,,
,,FALSE,,,,,,,
,,FALSE,,,,,,,
,,FALSE,,,,,,,
,,FALSE,,,,,,,
,,FALSE,,,,,,,
,,FALSE,,,,,,,
,,FALSE,,,,,,,
,,FALSE,,,,,,,
,,FALSE,,,,,,,
,,FALSE,,,,,,,
,,FALSE,,,,,,,
,,FALSE,,,,,,,
,,FALSE,,,,,,,
,,FALSE,,,,,,,
,,FALSE,,,,,,,
,,FALSE,,,,,,,
,,FALSE,,,,,,,
,,FALSE,,,,,,,
,,FALSE,,,,,,,
,,FALSE,,,,,,,
,,FALSE,,,,,,,
,,FALSE,,,,,,,
,,FALSE,,,,,,,
,,FALSE,,,,,,,
,,FALSE,,,,,,,
,,FALSE,,,,,,,
,,FALSE,,,,,,,
,,FALSE,,,,,,,
,,FALSE,,,,,,,
,,FALSE,,,,,,,
,,FALSE,,,,,,,
,,FALSE,,,,,,,
,,FALSE,,,,,,,
,,FALSE,,,,,,,
,,FALSE,,,,,,,
,,FALSE,,,,,,,
,,FALSE,,,,,,,
,,FALSE,,,,,,,
,,FALSE,,,,,,,
,,FALSE,,,,,,,
,,FALSE,,,,,,,
,,FALSE,,,,,,,
,,FALSE,,,,,,,
,,FALSE,,,,,,,
,,FALSE,,,,,,,
,,FALSE,,,,,,,
,,FALSE,,,,,,,
,,FALSE,,,,,,,
,,FALSE,,,,,,,
,,FALSE,,,,,,,
,,FALSE,,,,,,,
,,FALSE,,,,,,,
,,FALSE,,,,,,,
,,FALSE,,,,,,,
,,FALSE,,,,,,,
,,FALSE,,,,,,,
,,FALSE,,,,,,,
,,FALSE,,,,,,,
,,FALSE,,,,,,,
,,FALSE,,,,,,,
,,FALSE,,,,,,,
,,FALSE,,,,,,,
,,FALSE,,,,,,,
,,FALSE,,,,,,,
,,FALSE,,,,,,,
,,FALSE,,,,,,,
,,FALSE,,,,,,,
,,FALSE,,,,,,,
,,FALSE,,,,,,,
,,FALSE,,,,,,,
,,FALSE,,,,,,,
,,FALSE,,,,,,,
,,FALSE,,,,,,,
,,FALSE,,,,,,,
,,FALSE,,,,,,,
,,FALSE,,,,,,,
,,FALSE,,,,,,,
,,FALSE,,,,,,,
,,FALSE,,,,,,,
,,FALSE,,,,,,,
,,FALSE,,,,,,,
,,FALSE,,,,,,,
,,FALSE,,,,,,,
,,FALSE,,,,,,,
,,FALSE,,,,,,,
,,FALSE,,,,,,,
,,FALSE,,,,,,,
,,FALSE,,,,,,,
,,FALSE,,,,,,,
,,FALSE,,,,,,,
,,FALSE,,,,,,,
,,FALSE,,,,,,,
,,FALSE,,,,,,,
,,FALSE,,,,,,,
,,FALSE,,,,,,,
,,FALSE,,,,,,,
,,FALSE,,,,,,,
,,FALSE,,,,,,,
,,FALSE,,,,,,,
,,FALSE,,,,,,,
,,FALSE,,,,,,,
,,FALSE,,,,,,,
,,FALSE,,,,,,,
,,FALSE,,,,,,,
,,FALSE,,,,,,,
,,FALSE,,,,,,,
,,FALSE,,,,,,,
,,FALSE,,,,,,,
,,FALSE,,,,,,,
,,FALSE,,,,,,,
,,FALSE,,,,,,,
,,FALSE,,,,,,,
,,FALSE,,,,,,,
,,FALSE,,,,,,,
,,FALSE,,,,,,,
,,FALSE,,,,,,,
,,FALSE,,,,,,,
,,FALSE,,,,,,,
,,FALSE,,,,,,,
,,FALSE,,,,,,,
,,FALSE,,,,,,,
,,FALSE,,,,,,,
,,FALSE,,,,,,,
,,FALSE,,,,,,,
,,FALSE,,,,,,,
,,FALSE,,,,,,,
,,FALSE,,,,,,,
,,FALSE,,,,,,,
,,FALSE,,,,,,,
,,FALSE,,,,,,,
,,FALSE,,,,,,,
,,FALSE,,,,,,,
,,FALSE,,,,,,,
,,FALSE,,,,,,,
,,FALSE,,,,,,,
,,FALSE,,,,,,,
,,FALSE,,,,,,,
,,FALSE,,,,,,,
,,FALSE,,,,,,,
,,FALSE,,,,,,,
,,FALSE,,,,,,,
,,FALSE,,,,,,,
,,FALSE,,,,,,,
,,FALSE,,,,,,,
,,FALSE,,,,,,,
,,FALSE,,,,,,,
,,FALSE,,,,,,,
,,FALSE,,,,,,,
,,FALSE,,,,,,,
,,FALSE,,,,,,,
,,FALSE,,,,,,,
,,FALSE,,,,,,,
,,FALSE,,,,,,,
,,FALSE,,,,,,,
,,FALSE,,,,,,,
,,FALSE,,,,,,,
,,FALSE,,,,,,,
,,FALSE,,,,,,,
,,FALSE,,,,,,,
,,FALSE,,,,,,,
,,FALSE,,,,,,,
,,FALSE,,,,,,,
,,FALSE,,,,,,,
,,FALSE,,,,,,,
,,FALSE,,,,,,,
,,FALSE,,,,,,,
,,FALSE,,,,,,,
,,FALSE,,,,,,,
,,FALSE,,,,,,,
,,FALSE,,,,,,,
,,FALSE,,,,,,,
,,FALSE,,,,,,,
,,FALSE,,,,,,,
,,FALSE,,,,,,,
,,FALSE,,,,,,,
,,FALSE,,,,,,,
,,FALSE,,,,,,,
,,FALSE,,,,,,,
,,FALSE,,,,,,,
,,FALSE,,,,,,,
,,FALSE,,,,,,,
,,FALSE,,,,,,,
,,FALSE,,,,,,,
,,FALSE,,,,,,,
,,FALSE,,,,,,,
,,FALSE,,,,,,,
,,FALSE,,,,,,,
,,FALSE,,,,,,,
,,FALSE,,,,,,,
,,FALSE,,,,,,,
,,FALSE,,,,,,,
,,FALSE,,,,,,,